{
  "accuracy": [
    0.8304333090782166,
    0.8852666616439819,
    0.902483344078064,
    0.9129666686058044,
    0.9230833053588867,
    0.927649974822998,
    0.9346333146095276,
    0.9407666921615601,
    0.9471166729927063,
    0.9491833448410034
  ],
  "val_accuracy": [
    0.8510000109672546,
    0.8841000199317932,
    0.8977000117301941,
    0.9010000228881836,
    0.9075000286102295,
    0.9035999774932861,
    0.9071000218391418,
    0.9049000144004822,
    0.9135000109672546,
    0.9103999733924866
  ],
  "loss": [
    0.4652826488018036,
    0.3150652050971985,
    0.2648203372955322,
    0.2354831099510193,
    0.20953090488910675,
    0.19243520498275757,
    0.17392776906490326,
    0.15806759893894196,
    0.1440555453300476,
    0.13206830620765686
  ],
  "val_loss": [
    0.4042968153953552,
    0.31851568818092346,
    0.29536721110343933,
    0.27298620343208313,
    0.25599730014801025,
    0.2611578404903412,
    0.26211875677108765,
    0.26509779691696167,
    0.26147618889808655,
    0.26086756587028503
  ]
}